"header1","header2","header3","header4","header5","","","","",""
"12","12","12","12","12","","","","",""
"12","12","12","12","12","","","","",""
"12","12","12","12","12","","","","",""
"12","12","12","12","12","","","","",""
"12","12","12","12","12","","","","",""
"12","12","12","12","12","","","","",""
"","","","","","","","","",""
"","","","","","","","","",""
"","","","","","","","","",""
"11","11","11","11","11","","","","",""
"11","11","11","11","11","","","","",""
"11","11","11","11","11","","","","",""
"11","11","11","11","11","","","","",""
"11","11","11","11","11","","","","",""
"11","11","11","11","11","","","","",""
"11","11","11","11","11","","","","",""
"11","11","11","11","11","","","","",""
"11","11","11","11","11","","","","",""